{
  "canisters": {
    "backend": {
      "type": "motoko",
      "main": "backend/Backend.mo",
      "declarations": {
        "node_compatibility": true
      }
    },
    "fakebob": {
      "type": "motoko",
      "main": "backend/FakeBob.mo",
      "declarations": {
        "node_compatibility": true
      }
    },
    "frontend": {
      "dependencies": ["backend"],
      "type": "assets",
      "source": ["dist/"]
    }
  },
  "defaults": {
    "build": {
      "packtool": "npm run --silent sources"
    }
  },
  "output_env_file": ".env",
  "version": 2
}
